{"cameraMode":{"drawMode":0,"name":"Shaded","section":"Shading Mode"},"sceneLighting":false,"audioPlay":false,"sceneViewState":{"m_AlwaysRefresh":false,"showFog":true,"showSkybox":false,"showFlares":true,"showImageEffects":true,"showParticleSystems":true,"showVisualEffectGraphs":true,"m_FxEnabled":true},"in2DMode":false,"pivot":{"x":0.46539950370788576,"y":0.25378406047821047,"z":-0.06176838278770447},"rotation":{"x":-0.042827777564525607,"y":0.32754167914390566,"z":0.014676231890916825,"w":0.9438644051551819},"size":0.06052112206816673,"orthographic":false}